student_id,fees_due,mentor_email
1001,3000,mentor1@example.com
1002,0,mentor2@mentors.org
1003,0,mentor3@example.com
1004,0,mentor4@mentors.org
1005,0,mentor5@mentors.org
1006,3000,mentor6@mentors.org
1007,0,mentor7@example.com
1008,2000,mentor8@example.com
1009,0,mentor9@college.edu
1010,2000,mentor10@example.com
1011,0,mentor11@example.com
1012,0,mentor12@mentors.org
1013,1000,mentor13@example.com
1014,5000,mentor14@example.com
1015,3000,mentor15@mentors.org
1016,1000,mentor16@example.com
1017,3000,mentor17@mentors.org
1018,0,mentor18@example.com
1019,5000,mentor19@example.com
1020,0,mentor20@college.edu
1021,2000,mentor21@example.com
1022,2000,mentor22@mentors.org
1023,2000,mentor23@example.com
1024,1000,mentor24@college.edu
1025,0,mentor25@example.com
1026,2000,mentor26@example.com
1027,0,mentor27@mentors.org
1028,5000,mentor28@college.edu
1029,2000,mentor29@example.com
1030,0,mentor30@example.com
1031,2000,mentor31@mentors.org
1032,1000,mentor32@example.com
1033,2000,mentor33@example.com
1034,2000,mentor34@example.com
1035,0,mentor35@college.edu
1036,1000,mentor36@example.com
1037,3000,mentor37@mentors.org
1038,0,mentor38@college.edu
1039,1000,mentor39@example.com
1040,0,mentor40@example.com
1041,0,mentor41@college.edu
1042,1000,mentor42@example.com
1043,1000,mentor43@example.com
1044,0,mentor44@mentors.org
1045,1000,mentor45@college.edu
1046,0,mentor46@mentors.org
1047,0,mentor47@example.com
1048,0,mentor48@mentors.org
1049,0,mentor49@example.com
1050,0,mentor50@college.edu
1051,1000,mentor51@college.edu
1052,2000,mentor52@college.edu
1053,0,mentor53@mentors.org
1054,3000,mentor54@mentors.org
1055,2000,mentor55@example.com
1056,0,mentor56@college.edu
1057,3000,mentor57@mentors.org
1058,5000,mentor58@example.com
1059,0,mentor59@mentors.org
1060,0,mentor60@example.com
1061,3000,mentor61@mentors.org
1062,2000,mentor62@mentors.org
1063,0,mentor63@mentors.org
1064,2000,mentor64@college.edu
1065,2000,mentor65@college.edu
1066,2000,mentor66@mentors.org
1067,2000,mentor67@example.com
1068,2000,mentor68@example.com
1069,0,mentor69@college.edu
1070,0,mentor70@college.edu
1071,1000,mentor71@college.edu
1072,3000,mentor72@mentors.org
1073,0,mentor73@example.com
1074,1000,mentor74@college.edu
1075,1000,mentor75@mentors.org
1076,0,mentor76@college.edu
1077,2000,mentor77@example.com
1078,3000,mentor78@example.com
1079,1000,mentor79@college.edu
1080,1000,mentor80@mentors.org
1081,0,mentor81@example.com
1082,1000,mentor82@example.com
1083,0,mentor83@example.com
1084,0,mentor84@college.edu
1085,1000,mentor85@mentors.org
1086,0,mentor86@mentors.org
1087,0,mentor87@mentors.org
1088,1000,mentor88@mentors.org
1089,0,mentor89@mentors.org
1090,0,mentor90@college.edu
1091,2000,mentor91@college.edu
1092,1000,mentor92@mentors.org
1093,0,mentor93@mentors.org
1094,3000,mentor94@college.edu
1095,0,mentor95@college.edu
1096,2000,mentor96@mentors.org
1097,1000,mentor97@mentors.org
1098,5000,mentor98@college.edu
1099,2000,mentor99@example.com
1100,2000,mentor100@mentors.org
1101,2000,mentor101@example.com
1102,0,mentor102@mentors.org
1103,0,mentor103@mentors.org
1104,2000,mentor104@mentors.org
1105,0,mentor105@mentors.org
1106,2000,mentor106@example.com
1107,0,mentor107@college.edu
1108,1000,mentor108@college.edu
1109,0,mentor109@example.com
1110,0,mentor110@college.edu
1111,1000,mentor111@college.edu
1112,1000,mentor112@college.edu
1113,1000,mentor113@college.edu
1114,0,mentor114@college.edu
1115,0,mentor115@mentors.org
1116,2000,mentor116@example.com
1117,0,mentor117@college.edu
1118,1000,mentor118@college.edu
1119,1000,mentor119@college.edu
1120,2000,mentor120@mentors.org
1121,1000,mentor121@college.edu
1122,2000,mentor122@college.edu
1123,5000,mentor123@example.com
1124,0,mentor124@mentors.org
1125,0,mentor125@college.edu
1126,0,mentor126@example.com
1127,0,mentor127@example.com
1128,1000,mentor128@example.com
1129,3000,mentor129@example.com
1130,0,mentor130@college.edu
1131,0,mentor131@example.com
1132,0,mentor132@mentors.org
1133,2000,mentor133@mentors.org
1134,1000,mentor134@college.edu
1135,0,mentor135@example.com
1136,3000,mentor136@mentors.org
1137,2000,mentor137@example.com
1138,0,mentor138@mentors.org
1139,1000,mentor139@mentors.org
1140,2000,mentor140@mentors.org
1141,0,mentor141@college.edu
1142,0,mentor142@mentors.org
1143,0,mentor143@example.com
1144,0,mentor144@college.edu
1145,2000,mentor145@college.edu
1146,3000,mentor146@mentors.org
1147,0,mentor147@college.edu
1148,0,mentor148@mentors.org
1149,0,mentor149@example.com
1150,0,mentor150@college.edu
1151,2000,mentor151@mentors.org
1152,0,mentor152@college.edu
1153,0,mentor153@college.edu
1154,0,mentor154@example.com
1155,1000,mentor155@mentors.org
1156,0,mentor156@mentors.org
1157,2000,mentor157@example.com
1158,0,mentor158@example.com
1159,2000,mentor159@mentors.org
1160,1000,mentor160@college.edu
1161,0,mentor161@example.com
1162,0,mentor162@example.com
1163,3000,mentor163@college.edu
1164,3000,mentor164@mentors.org
1165,0,mentor165@college.edu
1166,0,mentor166@example.com
1167,3000,mentor167@college.edu
1168,1000,mentor168@mentors.org
1169,0,mentor169@example.com
1170,3000,mentor170@college.edu
1171,0,mentor171@mentors.org
1172,1000,mentor172@mentors.org
1173,0,mentor173@mentors.org
1174,0,mentor174@mentors.org
1175,0,mentor175@mentors.org
1176,2000,mentor176@mentors.org
1177,0,mentor177@example.com
1178,0,mentor178@mentors.org
1179,0,mentor179@mentors.org
1180,1000,mentor180@mentors.org
1181,5000,mentor181@college.edu
1182,0,mentor182@example.com
1183,1000,mentor183@example.com
1184,3000,mentor184@college.edu
1185,1000,mentor185@mentors.org
1186,0,mentor186@college.edu
1187,0,mentor187@college.edu
1188,0,mentor188@college.edu
1189,0,mentor189@example.com
1190,0,mentor190@example.com
1191,2000,mentor191@example.com
1192,0,mentor192@mentors.org
1193,0,mentor193@mentors.org
1194,1000,mentor194@college.edu
1195,0,mentor195@example.com
1196,2000,mentor196@example.com
1197,1000,mentor197@mentors.org
1198,0,mentor198@mentors.org
1199,2000,mentor199@example.com
1200,1000,mentor200@example.com
1201,1000,mentor201@mentors.org
1202,0,mentor202@mentors.org
1203,0,mentor203@example.com
1204,2000,mentor204@college.edu
1205,0,mentor205@college.edu
1206,0,mentor206@college.edu
1207,0,mentor207@college.edu
1208,2000,mentor208@example.com
1209,0,mentor209@college.edu
1210,3000,mentor210@college.edu
1211,1000,mentor211@mentors.org
1212,2000,mentor212@college.edu
1213,5000,mentor213@mentors.org
1214,2000,mentor214@mentors.org
1215,3000,mentor215@example.com
1216,0,mentor216@example.com
1217,1000,mentor217@example.com
1218,0,mentor218@example.com
1219,0,mentor219@mentors.org
1220,1000,mentor220@example.com
1221,1000,mentor221@mentors.org
1222,0,mentor222@example.com
1223,1000,mentor223@college.edu
1224,3000,mentor224@college.edu
1225,1000,mentor225@mentors.org
1226,2000,mentor226@college.edu
1227,2000,mentor227@college.edu
1228,5000,mentor228@mentors.org
1229,1000,mentor229@college.edu
1230,2000,mentor230@college.edu
1231,5000,mentor231@college.edu
1232,3000,mentor232@example.com
1233,0,mentor233@mentors.org
1234,0,mentor234@example.com
1235,0,mentor235@college.edu
1236,0,mentor236@college.edu
1237,1000,mentor237@example.com
1238,2000,mentor238@college.edu
1239,2000,mentor239@mentors.org
1240,0,mentor240@mentors.org
1241,3000,mentor241@mentors.org
1242,1000,mentor242@college.edu
1243,2000,mentor243@mentors.org
1244,3000,mentor244@mentors.org
1245,1000,mentor245@college.edu
1246,0,mentor246@example.com
1247,2000,mentor247@example.com
1248,0,mentor248@college.edu
1249,0,mentor249@mentors.org
1250,2000,mentor250@example.com
1251,0,mentor251@example.com
1252,2000,mentor252@example.com
1253,0,mentor253@college.edu
1254,3000,mentor254@example.com
1255,0,mentor255@example.com
1256,5000,mentor256@college.edu
1257,2000,mentor257@college.edu
1258,0,mentor258@college.edu
1259,1000,mentor259@example.com
1260,5000,mentor260@example.com
1261,0,mentor261@college.edu
1262,0,mentor262@mentors.org
1263,0,mentor263@college.edu
1264,1000,mentor264@example.com
1265,2000,mentor265@example.com
1266,1000,mentor266@college.edu
1267,0,mentor267@mentors.org
1268,0,mentor268@mentors.org
1269,1000,mentor269@example.com
1270,0,mentor270@mentors.org
1271,0,mentor271@mentors.org
1272,3000,mentor272@mentors.org
1273,1000,mentor273@college.edu
1274,1000,mentor274@example.com
1275,2000,mentor275@college.edu
1276,1000,mentor276@mentors.org
1277,2000,mentor277@example.com
1278,0,mentor278@college.edu
1279,0,mentor279@example.com
1280,0,mentor280@college.edu
1281,0,mentor281@example.com
1282,2000,mentor282@college.edu
1283,0,mentor283@mentors.org
1284,0,mentor284@college.edu
1285,0,mentor285@mentors.org
1286,0,mentor286@college.edu
1287,2000,mentor287@mentors.org
1288,0,mentor288@mentors.org
1289,1000,mentor289@college.edu
1290,0,mentor290@college.edu
1291,1000,mentor291@example.com
1292,2000,mentor292@college.edu
1293,0,mentor293@example.com
1294,2000,mentor294@college.edu
1295,0,mentor295@example.com
1296,0,mentor296@mentors.org
1297,5000,mentor297@college.edu
1298,0,mentor298@mentors.org
1299,0,mentor299@college.edu
1300,2000,mentor300@example.com
1301,0,mentor301@college.edu
1302,2000,mentor302@example.com
1303,0,mentor303@example.com
1304,3000,mentor304@college.edu
1305,2000,mentor305@mentors.org
1306,1000,mentor306@college.edu
1307,3000,mentor307@mentors.org
1308,0,mentor308@example.com
1309,5000,mentor309@college.edu
1310,0,mentor310@college.edu
1311,0,mentor311@mentors.org
1312,0,mentor312@college.edu
1313,1000,mentor313@example.com
1314,0,mentor314@college.edu
1315,2000,mentor315@example.com
1316,2000,mentor316@example.com
1317,5000,mentor317@mentors.org
1318,0,mentor318@mentors.org
1319,1000,mentor319@example.com
1320,0,mentor320@mentors.org
1321,0,mentor321@mentors.org
1322,0,mentor322@example.com
1323,0,mentor323@college.edu
1324,2000,mentor324@college.edu
1325,1000,mentor325@mentors.org
1326,0,mentor326@mentors.org
1327,0,mentor327@example.com
1328,0,mentor328@example.com
1329,0,mentor329@example.com
1330,5000,mentor330@example.com
1331,0,mentor331@college.edu
1332,0,mentor332@example.com
1333,0,mentor333@example.com
1334,2000,mentor334@mentors.org
1335,5000,mentor335@example.com
1336,2000,mentor336@mentors.org
1337,1000,mentor337@example.com
1338,1000,mentor338@example.com
1339,0,mentor339@mentors.org
1340,5000,mentor340@college.edu
1341,2000,mentor341@college.edu
1342,1000,mentor342@mentors.org
1343,2000,mentor343@mentors.org
1344,2000,mentor344@college.edu
1345,1000,mentor345@mentors.org
1346,5000,mentor346@mentors.org
1347,3000,mentor347@mentors.org
1348,1000,mentor348@mentors.org
1349,1000,mentor349@mentors.org
1350,0,mentor350@college.edu
1351,1000,mentor351@mentors.org
1352,0,mentor352@college.edu
1353,1000,mentor353@example.com
1354,5000,mentor354@college.edu
1355,1000,mentor355@example.com
1356,0,mentor356@college.edu
1357,0,mentor357@college.edu
1358,0,mentor358@mentors.org
1359,2000,mentor359@college.edu
1360,0,mentor360@college.edu
1361,0,mentor361@mentors.org
1362,0,mentor362@example.com
1363,2000,mentor363@college.edu
1364,2000,mentor364@mentors.org
1365,0,mentor365@example.com
1366,0,mentor366@college.edu
1367,1000,mentor367@college.edu
1368,1000,mentor368@college.edu
1369,1000,mentor369@example.com
1370,0,mentor370@example.com
1371,1000,mentor371@college.edu
1372,0,mentor372@college.edu
1373,3000,mentor373@example.com
1374,1000,mentor374@mentors.org
1375,0,mentor375@example.com
1376,0,mentor376@mentors.org
1377,1000,mentor377@mentors.org
1378,2000,mentor378@mentors.org
1379,1000,mentor379@college.edu
1380,1000,mentor380@college.edu
1381,2000,mentor381@mentors.org
1382,1000,mentor382@mentors.org
1383,0,mentor383@mentors.org
1384,3000,mentor384@example.com
1385,0,mentor385@college.edu
1386,0,mentor386@mentors.org
1387,5000,mentor387@mentors.org
1388,0,mentor388@example.com
1389,0,mentor389@college.edu
1390,0,mentor390@mentors.org
1391,3000,mentor391@college.edu
1392,0,mentor392@mentors.org
1393,0,mentor393@example.com
1394,0,mentor394@example.com
1395,0,mentor395@college.edu
1396,0,mentor396@example.com
1397,0,mentor397@college.edu
1398,1000,mentor398@mentors.org
1399,0,mentor399@example.com
1400,0,mentor400@mentors.org
1401,0,mentor401@mentors.org
1402,0,mentor402@example.com
1403,1000,mentor403@example.com
1404,2000,mentor404@example.com
1405,0,mentor405@mentors.org
1406,0,mentor406@college.edu
1407,0,mentor407@college.edu
1408,3000,mentor408@mentors.org
1409,2000,mentor409@mentors.org
1410,1000,mentor410@mentors.org
1411,0,mentor411@example.com
1412,3000,mentor412@college.edu
1413,0,mentor413@college.edu
1414,0,mentor414@college.edu
1415,0,mentor415@college.edu
1416,0,mentor416@college.edu
1417,5000,mentor417@college.edu
1418,2000,mentor418@mentors.org
1419,0,mentor419@mentors.org
1420,1000,mentor420@example.com
1421,5000,mentor421@mentors.org
1422,3000,mentor422@mentors.org
1423,1000,mentor423@college.edu
1424,3000,mentor424@example.com
1425,5000,mentor425@college.edu
1426,2000,mentor426@example.com
1427,0,mentor427@mentors.org
1428,0,mentor428@mentors.org
1429,2000,mentor429@college.edu
1430,0,mentor430@college.edu
1431,2000,mentor431@college.edu
1432,0,mentor432@mentors.org
1433,0,mentor433@mentors.org
1434,0,mentor434@mentors.org
1435,0,mentor435@example.com
1436,5000,mentor436@college.edu
1437,2000,mentor437@example.com
1438,2000,mentor438@mentors.org
1439,1000,mentor439@mentors.org
1440,0,mentor440@example.com
1441,1000,mentor441@college.edu
1442,1000,mentor442@college.edu
1443,1000,mentor443@mentors.org
1444,0,mentor444@mentors.org
1445,1000,mentor445@mentors.org
1446,0,mentor446@college.edu
1447,5000,mentor447@example.com
1448,3000,mentor448@mentors.org
1449,0,mentor449@mentors.org
1450,1000,mentor450@example.com
1451,2000,mentor451@college.edu
1452,0,mentor452@mentors.org
1453,3000,mentor453@college.edu
1454,3000,mentor454@mentors.org
1455,0,mentor455@college.edu
1456,0,mentor456@example.com
1457,0,mentor457@mentors.org
1458,0,mentor458@mentors.org
1459,0,mentor459@mentors.org
1460,3000,mentor460@mentors.org
1461,0,mentor461@mentors.org
1462,0,mentor462@example.com
1463,3000,mentor463@mentors.org
1464,2000,mentor464@mentors.org
1465,0,mentor465@college.edu
1466,0,mentor466@mentors.org
1467,0,mentor467@college.edu
1468,1000,mentor468@example.com
1469,0,mentor469@college.edu
1470,1000,mentor470@college.edu
1471,5000,mentor471@example.com
1472,0,mentor472@example.com
1473,3000,mentor473@college.edu
1474,5000,mentor474@college.edu
1475,0,mentor475@example.com
1476,3000,mentor476@example.com
1477,1000,mentor477@example.com
1478,3000,mentor478@example.com
1479,1000,mentor479@example.com
1480,1000,mentor480@college.edu
1481,1000,mentor481@example.com
1482,3000,mentor482@mentors.org
1483,2000,mentor483@mentors.org
1484,1000,mentor484@mentors.org
1485,3000,mentor485@mentors.org
1486,0,mentor486@example.com
1487,0,mentor487@mentors.org
1488,0,mentor488@college.edu
1489,0,mentor489@mentors.org
1490,0,mentor490@example.com
1491,3000,mentor491@mentors.org
1492,0,mentor492@college.edu
1493,1000,mentor493@example.com
1494,0,mentor494@example.com
1495,3000,mentor495@example.com
1496,5000,mentor496@mentors.org
1497,0,mentor497@mentors.org
1498,3000,mentor498@example.com
1499,0,mentor499@mentors.org
1500,2000,mentor500@college.edu
1501,0,mentor501@example.com
1502,3000,mentor502@college.edu
1503,0,mentor503@college.edu
1504,1000,mentor504@mentors.org
1505,2000,mentor505@mentors.org
1506,0,mentor506@example.com
1507,0,mentor507@college.edu
1508,0,mentor508@mentors.org
1509,0,mentor509@college.edu
1510,1000,mentor510@mentors.org
1511,0,mentor511@college.edu
1512,0,mentor512@example.com
1513,0,mentor513@mentors.org
1514,2000,mentor514@example.com
1515,0,mentor515@college.edu
1516,0,mentor516@college.edu
1517,0,mentor517@example.com
1518,0,mentor518@college.edu
1519,2000,mentor519@mentors.org
1520,0,mentor520@mentors.org
1521,0,mentor521@college.edu
1522,2000,mentor522@college.edu
1523,2000,mentor523@college.edu
1524,0,mentor524@college.edu
1525,2000,mentor525@mentors.org
1526,3000,mentor526@mentors.org
1527,0,mentor527@college.edu
1528,2000,mentor528@example.com
1529,2000,mentor529@example.com
1530,0,mentor530@mentors.org
1531,0,mentor531@example.com
1532,0,mentor532@college.edu
1533,3000,mentor533@example.com
1534,5000,mentor534@mentors.org
1535,1000,mentor535@college.edu
1536,0,mentor536@college.edu
1537,1000,mentor537@mentors.org
1538,1000,mentor538@example.com
1539,0,mentor539@mentors.org
1540,0,mentor540@mentors.org
1541,2000,mentor541@example.com
1542,0,mentor542@college.edu
1543,2000,mentor543@example.com
1544,0,mentor544@example.com
1545,0,mentor545@college.edu
1546,0,mentor546@college.edu
1547,0,mentor547@mentors.org
1548,3000,mentor548@example.com
1549,0,mentor549@college.edu
1550,3000,mentor550@example.com
1551,1000,mentor551@example.com
1552,2000,mentor552@college.edu
1553,0,mentor553@college.edu
1554,2000,mentor554@example.com
1555,2000,mentor555@college.edu
1556,0,mentor556@example.com
1557,0,mentor557@college.edu
1558,3000,mentor558@mentors.org
1559,5000,mentor559@college.edu
1560,0,mentor560@example.com
1561,2000,mentor561@college.edu
1562,3000,mentor562@example.com
1563,3000,mentor563@college.edu
1564,5000,mentor564@example.com
1565,2000,mentor565@example.com
1566,0,mentor566@college.edu
1567,0,mentor567@example.com
1568,0,mentor568@mentors.org
1569,2000,mentor569@mentors.org
1570,2000,mentor570@college.edu
1571,0,mentor571@example.com
1572,3000,mentor572@example.com
1573,2000,mentor573@example.com
1574,1000,mentor574@college.edu
1575,0,mentor575@college.edu
1576,1000,mentor576@mentors.org
1577,0,mentor577@example.com
1578,0,mentor578@mentors.org
1579,0,mentor579@college.edu
1580,0,mentor580@college.edu
1581,0,mentor581@mentors.org
1582,1000,mentor582@example.com
1583,0,mentor583@example.com
1584,2000,mentor584@example.com
1585,0,mentor585@college.edu
1586,3000,mentor586@example.com
1587,5000,mentor587@example.com
1588,0,mentor588@mentors.org
1589,0,mentor589@mentors.org
1590,0,mentor590@mentors.org
1591,1000,mentor591@mentors.org
1592,1000,mentor592@college.edu
1593,0,mentor593@example.com
1594,1000,mentor594@college.edu
1595,0,mentor595@example.com
1596,0,mentor596@college.edu
1597,1000,mentor597@example.com
1598,0,mentor598@example.com
1599,1000,mentor599@example.com
1600,0,mentor600@college.edu
1601,5000,mentor601@mentors.org
1602,0,mentor602@mentors.org
1603,0,mentor603@college.edu
1604,1000,mentor604@example.com
1605,0,mentor605@example.com
1606,5000,mentor606@college.edu
1607,2000,mentor607@mentors.org
1608,1000,mentor608@mentors.org
1609,2000,mentor609@example.com
1610,5000,mentor610@mentors.org
1611,3000,mentor611@mentors.org
1612,2000,mentor612@mentors.org
1613,2000,mentor613@example.com
1614,0,mentor614@mentors.org
1615,0,mentor615@example.com
1616,1000,mentor616@college.edu
1617,0,mentor617@college.edu
1618,0,mentor618@example.com
1619,0,mentor619@mentors.org
1620,0,mentor620@college.edu
1621,2000,mentor621@example.com
1622,3000,mentor622@mentors.org
1623,0,mentor623@college.edu
1624,1000,mentor624@example.com
1625,3000,mentor625@mentors.org
1626,0,mentor626@mentors.org
1627,2000,mentor627@example.com
1628,0,mentor628@mentors.org
1629,0,mentor629@college.edu
1630,5000,mentor630@example.com
1631,0,mentor631@mentors.org
1632,1000,mentor632@mentors.org
1633,2000,mentor633@mentors.org
1634,0,mentor634@mentors.org
1635,1000,mentor635@mentors.org
1636,5000,mentor636@example.com
1637,0,mentor637@college.edu
1638,3000,mentor638@college.edu
1639,1000,mentor639@example.com
1640,1000,mentor640@mentors.org
1641,1000,mentor641@college.edu
1642,0,mentor642@college.edu
1643,3000,mentor643@college.edu
1644,3000,mentor644@mentors.org
1645,1000,mentor645@example.com
1646,2000,mentor646@college.edu
1647,1000,mentor647@example.com
1648,0,mentor648@college.edu
1649,1000,mentor649@example.com
1650,1000,mentor650@mentors.org
1651,1000,mentor651@mentors.org
1652,2000,mentor652@mentors.org
1653,0,mentor653@example.com
1654,0,mentor654@mentors.org
1655,0,mentor655@mentors.org
1656,0,mentor656@college.edu
1657,2000,mentor657@example.com
1658,1000,mentor658@example.com
1659,1000,mentor659@college.edu
1660,0,mentor660@mentors.org
1661,1000,mentor661@college.edu
1662,0,mentor662@mentors.org
1663,0,mentor663@example.com
1664,2000,mentor664@mentors.org
1665,3000,mentor665@college.edu
1666,0,mentor666@mentors.org
1667,0,mentor667@college.edu
1668,0,mentor668@mentors.org
1669,0,mentor669@example.com
1670,1000,mentor670@example.com
1671,0,mentor671@example.com
1672,1000,mentor672@mentors.org
1673,0,mentor673@college.edu
1674,0,mentor674@example.com
1675,0,mentor675@college.edu
1676,0,mentor676@example.com
1677,0,mentor677@example.com
1678,0,mentor678@example.com
1679,2000,mentor679@example.com
1680,0,mentor680@college.edu
1681,5000,mentor681@college.edu
1682,0,mentor682@mentors.org
1683,2000,mentor683@college.edu
1684,1000,mentor684@mentors.org
1685,2000,mentor685@college.edu
1686,2000,mentor686@college.edu
1687,1000,mentor687@example.com
1688,1000,mentor688@mentors.org
1689,1000,mentor689@example.com
1690,1000,mentor690@college.edu
1691,0,mentor691@college.edu
1692,0,mentor692@example.com
1693,1000,mentor693@mentors.org
1694,1000,mentor694@college.edu
1695,2000,mentor695@college.edu
1696,1000,mentor696@example.com
1697,5000,mentor697@college.edu
1698,0,mentor698@college.edu
1699,0,mentor699@college.edu
1700,0,mentor700@mentors.org
1701,0,mentor701@college.edu
1702,2000,mentor702@college.edu
1703,0,mentor703@college.edu
1704,2000,mentor704@example.com
1705,0,mentor705@college.edu
1706,1000,mentor706@mentors.org
1707,1000,mentor707@college.edu
1708,0,mentor708@college.edu
1709,1000,mentor709@mentors.org
1710,0,mentor710@college.edu
1711,0,mentor711@example.com
1712,0,mentor712@mentors.org
1713,0,mentor713@college.edu
1714,0,mentor714@example.com
1715,1000,mentor715@college.edu
1716,1000,mentor716@mentors.org
1717,1000,mentor717@example.com
1718,0,mentor718@mentors.org
1719,1000,mentor719@college.edu
1720,0,mentor720@college.edu
1721,0,mentor721@example.com
1722,3000,mentor722@example.com
1723,0,mentor723@college.edu
1724,1000,mentor724@mentors.org
1725,1000,mentor725@college.edu
1726,0,mentor726@college.edu
1727,0,mentor727@college.edu
1728,0,mentor728@mentors.org
1729,3000,mentor729@mentors.org
1730,0,mentor730@college.edu
1731,0,mentor731@example.com
1732,0,mentor732@mentors.org
1733,1000,mentor733@college.edu
1734,0,mentor734@college.edu
1735,0,mentor735@college.edu
1736,1000,mentor736@example.com
1737,3000,mentor737@mentors.org
1738,0,mentor738@college.edu
1739,0,mentor739@mentors.org
1740,0,mentor740@college.edu
1741,1000,mentor741@college.edu
1742,0,mentor742@mentors.org
1743,1000,mentor743@example.com
1744,2000,mentor744@example.com
1745,2000,mentor745@mentors.org
1746,0,mentor746@mentors.org
1747,3000,mentor747@college.edu
1748,1000,mentor748@college.edu
1749,1000,mentor749@mentors.org
1750,0,mentor750@mentors.org
1751,5000,mentor751@mentors.org
1752,0,mentor752@example.com
1753,0,mentor753@example.com
1754,0,mentor754@example.com
1755,1000,mentor755@mentors.org
1756,0,mentor756@mentors.org
1757,0,mentor757@college.edu
1758,0,mentor758@example.com
1759,0,mentor759@example.com
1760,1000,mentor760@example.com
1761,1000,mentor761@example.com
1762,0,mentor762@mentors.org
1763,0,mentor763@college.edu
1764,1000,mentor764@college.edu
1765,0,mentor765@college.edu
1766,0,mentor766@mentors.org
1767,5000,mentor767@example.com
1768,1000,mentor768@mentors.org
1769,0,mentor769@example.com
1770,1000,mentor770@mentors.org
1771,0,mentor771@college.edu
1772,1000,mentor772@college.edu
1773,0,mentor773@college.edu
1774,0,mentor774@college.edu
1775,0,mentor775@example.com
1776,3000,mentor776@mentors.org
1777,2000,mentor777@example.com
1778,0,mentor778@mentors.org
1779,0,mentor779@college.edu
1780,2000,mentor780@college.edu
1781,0,mentor781@college.edu
1782,0,mentor782@mentors.org
1783,5000,mentor783@college.edu
1784,0,mentor784@example.com
1785,1000,mentor785@example.com
1786,5000,mentor786@example.com
1787,0,mentor787@mentors.org
1788,0,mentor788@example.com
1789,0,mentor789@college.edu
1790,2000,mentor790@mentors.org
1791,3000,mentor791@college.edu
1792,2000,mentor792@mentors.org
1793,0,mentor793@example.com
1794,2000,mentor794@college.edu
1795,3000,mentor795@college.edu
1796,1000,mentor796@mentors.org
1797,3000,mentor797@college.edu
1798,2000,mentor798@example.com
1799,1000,mentor799@mentors.org
1800,1000,mentor800@college.edu
1801,0,mentor801@mentors.org
1802,0,mentor802@college.edu
1803,1000,mentor803@example.com
1804,0,mentor804@example.com
1805,3000,mentor805@example.com
1806,5000,mentor806@example.com
1807,2000,mentor807@college.edu
1808,0,mentor808@example.com
1809,0,mentor809@mentors.org
1810,0,mentor810@college.edu
1811,1000,mentor811@example.com
1812,2000,mentor812@mentors.org
1813,3000,mentor813@college.edu
1814,0,mentor814@mentors.org
1815,3000,mentor815@college.edu
1816,3000,mentor816@mentors.org
1817,0,mentor817@example.com
1818,3000,mentor818@mentors.org
1819,0,mentor819@mentors.org
1820,0,mentor820@college.edu
1821,1000,mentor821@college.edu
1822,0,mentor822@example.com
1823,1000,mentor823@mentors.org
1824,1000,mentor824@mentors.org
1825,1000,mentor825@mentors.org
1826,0,mentor826@mentors.org
1827,1000,mentor827@example.com
1828,1000,mentor828@college.edu
1829,1000,mentor829@mentors.org
1830,0,mentor830@example.com
1831,0,mentor831@example.com
1832,1000,mentor832@example.com
1833,0,mentor833@example.com
1834,1000,mentor834@example.com
1835,2000,mentor835@college.edu
1836,1000,mentor836@example.com
1837,1000,mentor837@college.edu
1838,5000,mentor838@mentors.org
1839,2000,mentor839@mentors.org
1840,3000,mentor840@college.edu
1841,2000,mentor841@college.edu
1842,0,mentor842@mentors.org
1843,0,mentor843@example.com
1844,1000,mentor844@mentors.org
1845,0,mentor845@example.com
1846,0,mentor846@example.com
1847,0,mentor847@college.edu
1848,1000,mentor848@college.edu
1849,2000,mentor849@mentors.org
1850,2000,mentor850@mentors.org
1851,1000,mentor851@college.edu
1852,2000,mentor852@mentors.org
1853,0,mentor853@college.edu
1854,3000,mentor854@college.edu
1855,0,mentor855@mentors.org
1856,5000,mentor856@example.com
1857,1000,mentor857@example.com
1858,0,mentor858@college.edu
1859,0,mentor859@mentors.org
1860,0,mentor860@example.com
1861,0,mentor861@college.edu
1862,0,mentor862@college.edu
1863,1000,mentor863@mentors.org
1864,1000,mentor864@mentors.org
1865,1000,mentor865@college.edu
1866,3000,mentor866@example.com
1867,1000,mentor867@mentors.org
1868,1000,mentor868@mentors.org
1869,0,mentor869@mentors.org
1870,2000,mentor870@example.com
1871,0,mentor871@example.com
1872,5000,mentor872@college.edu
1873,2000,mentor873@mentors.org
1874,1000,mentor874@example.com
1875,0,mentor875@example.com
1876,3000,mentor876@mentors.org
1877,2000,mentor877@example.com
1878,0,mentor878@college.edu
1879,0,mentor879@example.com
1880,2000,mentor880@example.com
1881,0,mentor881@college.edu
1882,3000,mentor882@mentors.org
1883,0,mentor883@example.com
1884,0,mentor884@college.edu
1885,2000,mentor885@mentors.org
1886,0,mentor886@college.edu
1887,1000,mentor887@example.com
1888,0,mentor888@college.edu
1889,0,mentor889@example.com
1890,1000,mentor890@mentors.org
1891,1000,mentor891@mentors.org
1892,1000,mentor892@college.edu
1893,2000,mentor893@example.com
1894,1000,mentor894@mentors.org
1895,0,mentor895@college.edu
1896,0,mentor896@mentors.org
1897,3000,mentor897@mentors.org
1898,2000,mentor898@example.com
1899,1000,mentor899@mentors.org
1900,0,mentor900@mentors.org
1901,0,mentor901@example.com
1902,2000,mentor902@mentors.org
1903,3000,mentor903@mentors.org
1904,1000,mentor904@example.com
1905,2000,mentor905@example.com
1906,2000,mentor906@mentors.org
1907,0,mentor907@mentors.org
1908,0,mentor908@mentors.org
1909,0,mentor909@mentors.org
1910,0,mentor910@college.edu
1911,3000,mentor911@mentors.org
1912,0,mentor912@example.com
1913,1000,mentor913@example.com
1914,0,mentor914@example.com
1915,0,mentor915@example.com
1916,0,mentor916@mentors.org
1917,0,mentor917@mentors.org
1918,1000,mentor918@college.edu
1919,0,mentor919@mentors.org
1920,1000,mentor920@example.com
1921,0,mentor921@mentors.org
1922,0,mentor922@college.edu
1923,0,mentor923@mentors.org
1924,1000,mentor924@mentors.org
1925,1000,mentor925@example.com
1926,0,mentor926@college.edu
1927,0,mentor927@mentors.org
1928,2000,mentor928@mentors.org
1929,0,mentor929@college.edu
1930,0,mentor930@mentors.org
1931,2000,mentor931@college.edu
1932,1000,mentor932@college.edu
1933,0,mentor933@example.com
1934,3000,mentor934@mentors.org
1935,2000,mentor935@college.edu
1936,0,mentor936@college.edu
1937,1000,mentor937@college.edu
1938,1000,mentor938@example.com
1939,0,mentor939@mentors.org
1940,0,mentor940@example.com
1941,0,mentor941@example.com
1942,1000,mentor942@college.edu
1943,0,mentor943@college.edu
1944,2000,mentor944@college.edu
1945,1000,mentor945@college.edu
1946,0,mentor946@example.com
1947,1000,mentor947@college.edu
1948,0,mentor948@mentors.org
1949,1000,mentor949@example.com
1950,1000,mentor950@college.edu
1951,0,mentor951@mentors.org
1952,0,mentor952@college.edu
1953,0,mentor953@mentors.org
1954,0,mentor954@college.edu
1955,0,mentor955@college.edu
1956,0,mentor956@example.com
1957,5000,mentor957@college.edu
1958,0,mentor958@mentors.org
1959,0,mentor959@mentors.org
1960,1000,mentor960@example.com
1961,0,mentor961@college.edu
1962,5000,mentor962@example.com
1963,1000,mentor963@college.edu
1964,2000,mentor964@example.com
1965,0,mentor965@college.edu
1966,0,mentor966@college.edu
1967,0,mentor967@example.com
1968,2000,mentor968@example.com
1969,0,mentor969@example.com
1970,0,mentor970@example.com
1971,5000,mentor971@college.edu
1972,0,mentor972@college.edu
1973,0,mentor973@mentors.org
1974,0,mentor974@college.edu
1975,5000,mentor975@example.com
1976,0,mentor976@example.com
1977,2000,mentor977@college.edu
1978,2000,mentor978@mentors.org
1979,0,mentor979@mentors.org
1980,1000,mentor980@college.edu
1981,0,mentor981@example.com
1982,0,mentor982@example.com
1983,2000,mentor983@college.edu
1984,3000,mentor984@mentors.org
1985,1000,mentor985@college.edu
1986,1000,mentor986@college.edu
1987,0,mentor987@college.edu
1988,0,mentor988@college.edu
1989,0,mentor989@example.com
1990,0,mentor990@example.com
1991,0,mentor991@college.edu
1992,0,mentor992@mentors.org
1993,0,mentor993@college.edu
1994,0,mentor994@example.com
1995,1000,mentor995@example.com
1996,2000,mentor996@mentors.org
1997,0,mentor997@college.edu
1998,3000,mentor998@example.com
1999,3000,mentor999@example.com
2000,0,mentor1000@college.edu
